SECFNAME,CIK,CONAME,FYRMO,FDATE,FORM,positive_score,negative_score,polarity_score,average_sentence_length,percentage_of_complex_words,fog_index,complex_word_count,word_count,uncertainty_score,constraining_score,positive_word_proportion,negative_word_proportion,uncertainty_word_proportion,constraining_word_proportion,constraining_words_whole_report,,,,,,,,,,,,,,,,,,,,,,,,,,,,,,,,,,,,,,,,,,,,,,,,,,,,,,,,,,,,,,,,,,,,,,,,,,,,,,,,,,,,
edgar/data/3662/0000950170-98-000413.txt,[3662.0, 'SUNBEAM CORP/FL/',199803, Timestamp('1998-03-06 00:00:00'), '10-K405',3074,2988,0.014186737,41.68483472,45.3028808,34.79508621,74839,165197,78,78,0.018608086,0.018087496,0.000472164,0.000472164, ['REQUIRED', 'IMPAIRMENT', 'IMPAIRMENT', 'IMPAIRMENT', 'COMMITMENTS', 'COMMITMENTS', 'OBLIGATIONS', 'COMMITMENTS', 'PLEDGED', 'REQUIRED', 'RESTRICTED', 'PLEDGED', 'REQUIRED', 'RESTRICTED', 'PLEDGED', 'REQUIRED', 'RESTRICTED', 'RESTRICTIONS', 'RESTRICTED', 'RESTRICTED', 'RESTRICTED', 'RESTRICTED', 'RESTRICTIONS', 'PERMITTED', 'PERMITTED', 'COVENANTS', 'ESCROWED', 'ESCROWED', 'COVENANTS', 'COVENANTS', 'COVENANTS', 'REQUIREMENTS', 'COVENANTS', 'COVENANTS', 'PERMITTED', 'PERMITTED', 'PERMITTED', 'ESCROW', 'ESCROWED', 'ESCROWED', 'PERMITTED', 'LIMIT', 'REQUIRED', 'REQUIRED', 'REQUIREMENTS', 'REQUIREMENTS', 'COVENANTS', 'ESCROW', 'ESCROW', 'COVENANTS', 'RESTRICTIVE', 'RESTRICTIONS', 'PLEDGED', 'PLEDGE', 'OBLIGATIONS', 'PERMITTED', 'OBLIGATION', 'OBLIGATION', 'OBLIGATION', 'OBLIGATIONS', 'COVENANTS', 'COVENANTS', 'COVENANTS', 'OBLIGATION', 'REQUIRED', 'COVENANTS', 'OBLIGATION', 'OBLIGATION', 'REQUIRED', 'COVENANTS', 'OBLIGATION', 'RESTRAINTS', 'OBLIGATION', 'COVENANTS', 'COVENANTS', 'REQUIREMENTS', 'COVENANTS', 'OBLIGATION']],,,,,,,
edgar/data/3662/0000950170-98-001001.txt,[3662.0, 'SUNBEAM CORP/FL/',199805, Timestamp('1998-05-15 00:00:00'), '10-Q',1922,1670,0.070155902,43.47916667,43.27245586,34.70064901,46961,108524,85,85,0.017710368,0.015388301,0.000783237,0.000783237, ['MANDATORY', 'COMMITMENTS', 'COMMITMENTS', 'MANDATORY', 'COMMITMENTS', 'OBLIGATIONS', 'COVENANTS', 'OBLIGATIONS', 'COVENANTS', 'RESTRICTED', 'RESTRICTIVE', 'COMMITMENT', 'COMMITMENT', 'OBLIGATIONS', 'COMMITMENT', 'COMMITMENTS', 'PLEDGE', 'PERMITTED', 'PERMITTED', 'ENCUMBRANCES', 'PERMITTED', 'ENCUMBRANCES', 'PERMITTED', 'PERMITTED', 'PLEDGE', 'PLEDGE', 'REQUIRED', 'RESTRICTED', 'COMMITMENT', 'COMMITMENT', 'PLEDGE', 'PLEDGE', 'COMMITMENTS', 'COMMITMENT', 'COMMITMENT', 'COMMITMENT', 'COMMITMENT', 'COMMITMENTS', 'OBLIGATIONS', 'COMMITMENTS', 'MANDATORY', 'COMMITMENTS', 'OBLIGATIONS', 'COVENANTS', 'OBLIGATIONS', 'COVENANTS', 'RESTRICTED', 'RESTRICTIVE', 'REQUIRED', 'PERMITTED', 'COMMITMENT', 'COMMITMENT', 'COMMITMENTS', 'COMMITMENT', 'COMMITMENTS', 'COMMITMENT', 'MANDATORY', 'MANDATORY', 'COMMITMENTS', 'COVENANTS', 'RESTRICTIONS', 'RESTRICTIONS', 'REQUIRE', 'REQUIREMENTS', 'REQUIRE', 'REQUIREMENTS', 'RESTRICTIONS', 'REQUIRE', 'REQUIREMENTS', 'COVENANTS', 'COVENANT', 'COMPLY', 'COVENANTS', 'IMPAIRMENT', 'PERMITTED', 'REQUIRED', 'REQUIRED', 'PLEDGE', 'RESTRICTIONS', 'REQUIRE', 'REQUIREMENTS', 'REQUIRE', 'REQUIREMENTS', 'OBLIGATIONS', 'REQUIREMENTS']]
edgar/data/3662/0000950172-98-000783.txt,[3662.0, 'SUNBEAM CORP/FL/',199808, Timestamp('1998-08-13 00:00:00'), 'NT 10-Q',8,16,-0.333333319,42.4,43.63207547,34.41283019,370,848,0,0,0.009433962,0.018867925,0,0, []],,,,,,,,,,,,,,,,,,,,,,,,,,,,,,,,,,,,,,,,,,,,,,,,,,,,,,,,,,,,,,,,,,,,,,,,,,,,,,,,,,,,
edgar/data/3662/0000950170-98-002145.txt,[3662.0, 'SUNBEAM CORP/FL/',199811, Timestamp('1998-11-12 00:00:00'), '10-K/A',14,11,0.119999995,43.06666667,49.84520124,37.16474716,322,646,0,0,0.021671827,0.017027864,0,0, []],,,,,,,,,,,,,,,,,,,,,,,,,,,,,,,,,,,,,,,,,,,,,,,,,,,,,,,,,,,,,,,,,,,,,,,,,,,,,,,,,,,,
edgar/data/3662/0000950172-98-001203.txt,[3662.0, 'SUNBEAM CORP/FL/',199811, Timestamp('1998-11-16 00:00:00'), 'NT 10-Q',14,11,0.119999995,43.06666667,49.84520124,37.16474716,322,646,0,0,0.021671827,0.017027864,0,0, []],,,,,,,,,,,,,,,,,,,,,,,,,,,,,,,,,,,,,,,,,,,,,,,,,,,,,,,,,,,,,,,,,,,,,,,,,,,,,,,,,,,,
edgar/data/3662/0000950170-98-002278.txt,[3662.0, 'SUNBEAM CORP/FL/',199811, Timestamp('1998-11-25 00:00:00'), '10-Q/A',394,301,0.133812949,31.51599147,48.71118328,32.0908699,7200,14781,2,2,0.026655842,0.020363981,0.000135309,0.000135309, ['IMPAIRMENT', 'IMPAIRMENT']],,,,,,,,,,,,,,,,,,,,,,,,,,,,,,,,,,,,,,,,,,,,,,,,,,,,,,,,,,,,,,,,,,,,,,,,,,,,,,,,,,,
edgar/data/3662/0000950170-98-002401.txt,[3662.0, 'SUNBEAM CORP/FL/',199812, Timestamp('1998-12-22 00:00:00'), '10-Q',588,500,0.080882353,34.38666667,46.56843738,32.38204162,12010,25790,12,12,0.022799535,0.019387359,0.000465297,0.000465297, ['IMPAIRMENT', 'IMPAIRMENT', 'COMMITMENTS', 'COMMITMENTS', 'COMMITMENTS', 'RESTRICTED', 'RESTRICTIONS', 'RESTRICTED', 'RESTRICTED', 'RESTRICTED', 'RESTRICTED', 'RESTRICTIONS']],,,,,,,,,,,,,,,,,,,,,,,,,,,,,,,,,,,,,,,,,,,,,,,,,,,,,,,,,,,,,,,,,,,,,,,,,
edgar/data/3662/0000950170-98-002402.txt,[3662.0, 'SUNBEAM CORP/FL/',199812, Timestamp('1998-12-22 00:00:00'), '10-Q',398,334,0.087431694,31.18511066,49.19672237,32.15273321,7625,15499,4,4,0.025679076,0.021549777,0.000258081,0.000258081, ['IMPAIRMENT', 'COMMITMENTS', 'COMMITMENTS', 'COMMITMENTS']],,,,,,,,,,,,,,,,,,,,,,,,,,,,,,,,,,,,,,,,,,,,,,,,,,,,,,,,,,,,,,,,,,,,,,,,,,,,,,,,,
edgar/data/3662/0000950172-99-000362.txt,[3662.0, 'SUNBEAM CORP/FL/',199903, Timestamp('1999-03-31 00:00:00'), 'NT 10-K',11,16,-0.185185178,42,43.68530021,34.27412008,422,966,0,0,0.011387164,0.016563147,0,0, []],,,,,,,,,,,,,,,,,,,,,,,,,,,,,,,,,,,,,,,,,,,,,,,,,,,,,,,,,,,,,,,,,,,,,,,,,,,,,,,,,,,,
edgar/data/3662/0000950170-99-000775.txt,[3662.0, 'SUNBEAM CORP/FL/',199905, Timestamp('1999-05-11 00:00:00'), '10-K',14,11,0.119999995,43.06666667,49.84520124,37.16474716,322,646,0,0,0.021671827,0.017027864,0,0, []],,,,,,,,,,,,,,,,,,,,,,,,,,,,,,,,,,,,,,,,,,,,,,,,,,,,,,,,,,,,,,,,,,,,,,,,,,,,,,,,,,,,
edgar/data/3662/0000950172-99-000584.txt,[3662.0, 'SUNBEAM CORP/FL/',199905, Timestamp('1999-05-17 00:00:00'), 'NT 10-Q',12,14,-0.076923074,44.36363636,43.34016393,35.08152012,423,976,0,0,0.012295082,0.014344262,0,0, []],,,,,,,,,,,,,,,,,,,,,,,,,,,,,,,,,,,,,,,,,,,,,,,,,,,,,,,,,,,,,,,,,,,,,,,,,,,,,,,,,,,,
edgar/data/3662/0000950170-99-001005.txt,[3662.0, 'SUNBEAM CORP/FL/',199906, Timestamp('1999-06-11 00:00:00'), '10-Q',14,11,0.119999995,43.06666667,49.84520124,37.16474716,322,646,0,0,0.021671827,0.017027864,0,0, []],,,,,,,,,,,,,,,,,,,,,,,,,,,,,,,,,,,,,,,,,,,,,,,,,,,,,,,,,,,,,,,,,,,,,,,,,,,,,,,,,,,,
edgar/data/3662/0000950172-99-001074.txt,[3662.0, 'SUNBEAM CORP/FL/',199908, Timestamp('1999-08-16 00:00:00'), 'NT 10-Q',14,11,0.119999995,43.06666667,49.84520124,37.16474716,322,646,0,0,0.021671827,0.017027864,0,0, []],,,,,,,,,,,,,,,,,,,,,,,,,,,,,,,,,,,,,,,,,,,,,,,,,,,,,,,,,,,,,,,,,,,,,,,,,,,,,,,,,,,,
edgar/data/3662/0000950170-99-001361.txt,[3662.0, 'SUNBEAM CORP/FL/',199908, Timestamp('1999-08-19 00:00:00'), '10-Q',577,508,0.06359447,30.0177665,48.34700262,31.34590765,11436,23654,7,7,0.024393337,0.021476283,0.000295933,0.000295933, ['IMPAIRMENT', 'COMMITMENTS', 'COMMITMENTS', 'COMMITMENTS', 'COMMITMENTS', 'COMMITMENT', 'COMMITMENTS']],,,,,,,,,,,,,,,,,,,,,,,,,,,,,,,,,,,,,,,,,,,,,,,,,,,,,,,,,,,,,,,,,,,,,,,,,,,,,,
edgar/data/3662/0000889812-99-003241.txt,[3662.0, 'SUNBEAM CORP/FL/',199911, Timestamp('1999-11-08 00:00:00'), '10-K/A',1262,1092,0.072217502,30.29898014,49.69971832,31.99947938,28054,56447,13,13,0.022357255,0.019345581,0.000230305,0.000230305, ['REQUIRED', 'IMPAIRMENT', 'IMPAIRMENT', 'IMPAIRMENT', 'COMMITMENTS', 'COMMITMENTS', 'COMMITMENTS', 'COMMITMENTS', 'COMMITMENTS', 'COMMITMENTS', 'COMMITMENTS', 'COMMITMENTS', 'COMMITMENTS']],,,,,,,,,,,,,,,,,,,,,,,,,,,,,,,,,,,,,,,,,,,,,,,,,,,,,,,,,,,,,,,,,,,,,,,,
edgar/data/3662/0000950170-99-001639.txt,[3662.0, 'SUNBEAM CORP/FL/',199911, Timestamp('1999-11-08 00:00:00'), '10-Q/A',629,540,0.076133447,30.02245863,48.2184338,31.29635697,12247,25399,9,9,0.024764755,0.02126068,0.000354345,0.000354345, ['IMPAIRMENT', 'IMPAIRMENT', 'COMMITMENTS', 'COMMITMENTS', 'COMMITMENTS', 'COMMITMENTS', 'COMMITMENTS', 'COMMITMENT', 'IMPAIRMENT']],,,,,,,,,,,,,,,,,,,,,,,,,,,,,,,,,,,,,,,,,,,,,,,,,,,,,,,,,,,,,,,,,,,,,,,,,,,,
edgar/data/3662/0000950170-99-001640.txt,[3662.0, 'SUNBEAM CORP/FL/',199911, Timestamp('1999-11-08 00:00:00'), '10-Q/A',14,11,0.119999995,43.06666667,49.84520124,37.16474716,322,646,0,0,0.021671827,0.017027864,0,0, []],,,,,,,,,,,,,,,,,,,,,,,,,,,,,,,,,,,,,,,,,,,,,,,,,,,,,,,,,,,,,,,,,,,,,,,,,,,,,,,,,,,,
edgar/data/3662/0000950172-99-001626.txt,[3662.0, 'SUNBEAM CORP/FL/',199911, Timestamp('1999-11-15 00:00:00'), 'NT 10-Q',9,16,-0.279999989,40.75,44.90797546,34.26319018,366,815,0,0,0.011042945,0.019631902,0,0, []],,,,,,,,,,,,,,,,,,,,,,,,,,,,,,,,,,,,,,,,,,,,,,,,,,,,,,,,,,,,,,,,,,,,,,,,,,,,,,,,,,,,
edgar/data/3662/0000950170-99-001856.txt,[3662.0, 'SUNBEAM CORP/FL/',199911, Timestamp('1999-11-19 00:00:00'), '10-Q',748,644,0.074712644,30.54134615,48.5281617,31.62780314,15414,31763,12,12,0.023549413,0.020275163,0.000377798,0.000377798, ['IMPAIRMENT', 'IMPAIRMENT', 'COMMITMENTS', 'COMMITMENTS', 'COMMITMENTS', 'COMMITMENTS', 'COMMITMENTS', 'COMMITMENTS', 'COMMITMENTS', 'COMMITMENTS', 'COMMITMENT', 'IMPAIRMENT']],,,,,,,,,,,,,,,,,,,,,,,,,,,,,,,,,,,,,,,,,,,,,,,,,,,,,,,,,,,,,,,,,,,,,,,,,
edgar/data/3982/0000950129-06-002926.txt,[3982.0, 'ALLIS CHALMERS ENERGY INC.',200603, Timestamp('2006-03-22 00:00:00'), '10-K',6262,2466,0.43492209,113.2113565,41.18321816,61.75782985,88679,215328,13,13,0.029081216,0.011452296,6.04E-05,6.04E-05, ['OBLIGATIONS', 'COMMITMENTS', 'OBLIGATIONS', 'ENCUMBRANCES', 'REQUIREMENTS', 'COVENANTS', 'COVENANT', 'REQUIRED', 'COVENANTS', 'OBLIGATION', 'PROHIBITION', 'OBLIGATION', 'PROHIBITION']],,,,,,,,,,,,,,,,,,,,,,,,,,,,,,,,,,,,,,,,,,,,,,,,,,,,,,,,,,,,,,,,,,,,,,,,
edgar/data/3982/0000950129-06-004690.txt,[3982.0, 'ALLIS CHALMERS ENERGY INC.',200605, Timestamp('2006-05-01 00:00:00'), '10-K/A',14,11,0.119999995,43.06666667,49.84520124,37.16474716,322,646,0,0,0.021671827,0.017027864,0,0, []],,,,,,,,,,,,,,,,,,,,,,,,,,,,,,,,,,,,,,,,,,,,,,,,,,,,,,,,,,,,,,,,,,,,,,,,,,,,,,,,,,,,
edgar/data/3982/0000950129-06-005244.txt,[3982.0, 'ALLIS CHALMERS ENERGY INC.',200605, Timestamp('2006-05-10 00:00:00'), '10-Q',3950,1343,0.492537313,98.74190801,34.14766699,53.15583,39585,115923,18,18,0.034074342,0.011585276,0.000155275,0.000155275, ['COVENANTS', 'COVENANTS', 'COVENANTS', 'COVENANTS', 'ESCROW', 'ESCROW', 'IRREVOCABLE', 'ESCROW', 'ESCROW', 'PERMITTED', 'ESCROW', 'REQUIRED', 'IRREVOCABLE', 'ESCROW', 'ESCROW', 'PERMITTED', 'ESCROW', 'REQUIRED']],,,,,,,,,,,,,,,,,,,,,,,,,,,,,,,,,,,,,,,,,,,,,,,,,,,,,,,,,,,,,,,,,,,
edgar/data/3982/0000950129-06-007243.txt,[3982.0, 'ALLIS CHALMERS ENERGY INC.',200607, Timestamp('2006-07-24 00:00:00'), '10-K/A',2892,1281,0.386053199,190.5244519,42.09380338,93.04730213,47558,112981,2,2,0.025597224,0.01133819,1.77E-05,1.77E-05, ['OBLIGATIONS', 'COMMITMENTS']],,,,,,,,,,,,,,,,,,,,,,,,,,,,,,,,,,,,,,,,,,,,,,,,,,,,,,,,,,,,,,,,,,,,,,,,,,,,,,,,,,,
edgar/data/3982/0000950129-06-007244.txt,[3982.0, 'ALLIS CHALMERS ENERGY INC.',200607, Timestamp('2006-07-24 00:00:00'), '10-Q/A',1000,415,0.413427562,91.61313869,30.46503599,48.83126987,11471,37653,0,0,0.026558309,0.011021698,0,0, []],,,,,,,,,,,,,,,,,,,,,,,,,,,,,,,,,,,,,,,,,,,,,,,,,,,,,,,,,,,,,,,,,,,,,,,,,,,,,,,,,,,,
edgar/data/3982/0000950129-06-007871.txt,[3982.0, 'ALLIS CHALMERS ENERGY INC.',200608, Timestamp('2006-08-14 00:00:00'), '10-Q',1329,526,0.432884097,90.15339806,29.88433953,48.01509503,13875,46429,0,0,0.028624351,0.011329126,0,0, []],,,,,,,,,,,,,,,,,,,,,,,,,,,,,,,,,,,,,,,,,,,,,,,,,,,,,,,,,,,,,,,,,,,,,,,,,,,,,,,,,,,,
edgar/data/3982/0000950129-06-009522.txt,[3982.0, 'ALLIS CHALMERS ENERGY INC.',200611, Timestamp('2006-11-08 00:00:00'), '10-Q',2414,733,0.534159517,116.2476341,27.91413956,57.66470945,20573,73701,0,0,0.032753965,0.009945591,0,0, []],,,,,,,,,,,,,,,,,,,,,,,,,,,,,,,,,,,,,,,,,,,,,,,,,,,,,,,,,,,,,,,,,,,,,,,,,,,,,,,,,,,,
edgar/data/3982/0000950134-06-023819.txt,[3982.0, 'ALLIS CHALMERS ENERGY INC.',200612, Timestamp('2006-12-29 00:00:00'), '10-Q/A',6970,2050,0.545454545,123.029164,30.81903136,61.53927813,58505,189834,2,2,0.036716289,0.010798909,1.05E-05,1.05E-05, ['REQUIRED', 'REQUIRED']],,,,,,,,,,,,,,,,,,,,,,,,,,,,,,,,,,,,,,,,,,,,,,,,,,,,,,,,,,,,,,,,,,,,,,,,,,,,,,,,,,,
edgar/data/3982/0000950129-07-001381.txt,[3982.0, 'ALLIS CHALMERS ENERGY INC.',200703, Timestamp('2007-03-15 00:00:00'), '10-K',6093,2092,0.488821014,121.2138518,42.44228591,65.46245507,84680,199518,2,2,0.030538598,0.010485269,1.00E-05,1.00E-05, ['OBLIGATIONS', 'COMMITMENTS']],,,,,,,,,,,,,,,,,,,,,,,,,,,,,,,,,,,,,,,,,,,,,,,,,,,,,,,,,,,,,,,,,,,,,,,,,,,,,,,,,,,
edgar/data/3982/0000950129-07-002432.txt,[3982.0, 'ALLIS CHALMERS ENERGY INC.',200705, Timestamp('2007-05-10 00:00:00'), '10-Q',5737,2394,0.411142541,129.855506,34.2862605,65.65670662,69945,204003,28,28,0.028122135,0.011735122,0.000137253,0.000137253, ['COMMITMENT', 'COVENANTS', 'COVENANTS', 'COMMITMENT', 'COVENANTS', 'COVENANTS', 'STRICT', 'IRREVOCABLY', 'IRREVOCABLY', 'PERMITTED', 'IRREVOCABLY', 'IRREVOCABLY', 'PROHIBITED', 'COMMITMENTS', 'COMMITMENT', 'COVENANTS', 'IRREVOCABLY', 'IRREVOCABLY', 'BOUND', 'IRREVOCABLY', 'IRREVOCABLY', 'PERMITTED', 'PLEDGE', 'PLEDGE', 'PLEDGE', 'COVENANTS', 'PLEDGE', 'PLEDGE']],,,,,,,,,,,,,,,,,,,,,,,,,,,,,,,,,,,,,,,,,,,,,,,,,,,,,,,,,
edgar/data/3982/0000950129-07-003918.txt,[3982.0, 'ALLIS CHALMERS ENERGY INC.',200708, Timestamp('2007-08-09 00:00:00'), '10-Q',14,11,0.119999995,43.06666667,49.84520124,37.16474716,322,646,0,0,0.021671827,0.017027864,0,0, []],,,,,,,,,,,,,,,,,,,,,,,,,,,,,,,,,,,,,,,,,,,,,,,,,,,,,,,,,,,,,,,,,,,,,,,,,,,,,,,,,,,,
edgar/data/3982/0000950129-07-005361.txt,[3982.0, 'ALLIS CHALMERS ENERGY INC.',200711, Timestamp('2007-11-06 00:00:00'), '10-Q',3032,991,0.507332836,115.4066438,27.64466501,57.22052351,27852,100750,1,1,0.030094293,0.009836228,9.93E-06,9.93E-06, ['RESTRICTED']],,,,,,,,,,,,,,,,,,,,,,,,,,,,,,,,,,,,,,,,,,,,,,,,,,,,,,,,,,,,,,,,,,,,,,,,,,,,,,,,,,,,
edgar/data/3982/0000950129-08-001569.txt,[3982.0, 'ALLIS CHALMERS ENERGY INC.',200803, Timestamp('2008-03-07 00:00:00'), '10-K',6080,2049,0.495878952,120.1783847,42.4228945,65.04051166,87742,206827,2,2,0.029396549,0.00990683,9.67E-06,9.67E-06, ['OBLIGATIONS', 'COMMITMENTS']],,,,,,,,,,,,,,,,,,,,,,,,,,,,,,,,,,,,,,,,,,,,,,,,,,,,,,,,,,,,,,,,,,,,,,,,,,,,,,,,,,,
edgar/data/3982/0000950129-08-002507.txt,[3982.0, 'ALLIS CHALMERS ENERGY INC.',200804, Timestamp('2008-04-29 00:00:00'), '10-K/A',2382,732,0.529865125,124.9511677,30.50533542,62.18260126,17953,58852,0,0,0.04047441,0.01243798,0,0, []],,,,,,,,,,,,,,,,,,,,,,,,,,,,,,,,,,,,,,,,,,,,,,,,,,,,,,,,,,,,,,,,,,,,,,,,,,,,,,,,,,,,
edgar/data/4447/0000950123-03-012528.txt,[4447.0, 'AMERADA HESS CORP',200311, Timestamp('2003-11-12 00:00:00'), '10-Q',1612,504,0.523629489,143.8554217,28.09673367,68.78086214,13419,47760,0,0,0.033752094,0.010552764,0,0, []],,,,,,,,,,,,,,,,,,,,,,,,,,,,,,,,,,,,,,,,,,,,,,,,,,,,,,,,,,,,,,,,,,,,,,,,,,,,,,,,,,,,
edgar/data/4447/0000950123-04-003250.txt,[4447.0, 'AMERADA HESS CORP',200403, Timestamp('2004-03-12 00:00:00'), '10-K',7094,1622,0.627810922,75.70831833,19.88803379,38.23854085,41813,210242,0,0,0.033742069,0.007714919,0,0, []],,,,,,,,,,,,,,,,,,,,,,,,,,,,,,,,,,,,,,,,,,,,,,,,,,,,,,,,,,,,,,,,,,,,,,,,,,,,,,,,,,,,
edgar/data/4447/0000950123-04-003322.txt,[4447.0, 'AMERADA HESS CORP',200403, Timestamp('2004-03-15 00:00:00'), '10-K/A',614,273,0.384441939,220.1721311,21.22780239,96.55997342,5702,26861,0,0,0.022858419,0.010163434,0,0, []],,,,,,,,,,,,,,,,,,,,,,,,,,,,,,,,,,,,,,,,,,,,,,,,,,,,,,,,,,,,,,,,,,,,,,,,,,,,,,,,,,,,
edgar/data/4447/0000950123-04-005950.txt,[4447.0, 'AMERADA HESS CORP',200405, Timestamp('2004-05-07 00:00:00'), '10-Q',1350,389,0.552616446,145.7088608,28.04563751,69.50179931,9685,34533,0,0,0.039093041,0.011264587,0,0, []],,,,,,,,,,,,,,,,,,,,,,,,,,,,,,,,,,,,,,,,,,,,,,,,,,,,,,,,,,,,,,,,,,,,,,,,,,,,,,,,,,,,
edgar/data/4447/0000950123-04-009350.txt,[4447.0, 'AMERADA HESS CORP',200408, Timestamp('2004-08-06 00:00:00'), '10-Q',1901,521,0.569777044,177.473029,26.28182647,81.50194221,11241,42771,0,0,0.044446003,0.012181151,0,0, []],,,,,,,,,,,,,,,,,,,,,,,,,,,,,,,,,,,,,,,,,,,,,,,,,,,,,,,,,,,,,,,,,,,,,,,,,,,,,,,,,,,,
edgar/data/4447/0000950123-04-013054.txt,[4447.0, 'AMERADA HESS CORP',200411, Timestamp('2004-11-05 00:00:00'), '10-Q',2510,593,0.617789236,150.2660099,28.35857592,71.44983431,17301,61008,0,0,0.041142145,0.009720037,0,0, []],,,,,,,,,,,,,,,,,,,,,,,,,,,,,,,,,,,,,,,,,,,,,,,,,,,,,,,,,,,,,,,,,,,,,,,,,,,,,,,,,,,,
edgar/data/4447/0000950123-05-003078.txt,[4447.0, 'AMERADA HESS CORP',200503, Timestamp('2005-03-14 00:00:00'), '10-K',6648,3309,0.33534197,100.1221315,36.91563007,54.81510462,95026,257414,10,10,0.025826101,0.012854779,3.88E-05,3.88E-05, ['PERMITTED', 'COMMITMENTS', 'COMMITMENT', 'COMMITMENTS', 'COMMITMENTS', 'COMMITMENT', 'OBLIGATIONS', 'RESTRICTIONS', 'RESTRICTED', 'RESTRICTED']],,,,,,,,,,,,,,,,,,,,,,,,,,,,,,,,,,,,,,,,,,,,,,,,,,,,,,,,,,,,,,,,,,,,,,,,,,,
edgar/data/4447/0000950123-05-005767.txt,[4447.0, 'AMERADA HESS CORP',200505, Timestamp('2005-05-06 00:00:00'), '10-Q',1123,443,0.434227331,175.2714932,28.17348651,81.37799189,10913,38735,0,0,0.028991868,0.011436685,0,0, []],,,,,,,,,,,,,,,,,,,,,,,,,,,,,,,,,,,,,,,,,,,,,,,,,,,,,,,,,,,,,,,,,,,,,,,,,,,,,,,,,,,,
edgar/data/4447/0000950123-05-009475.txt,[4447.0, 'AMERADA HESS CORP',200508, Timestamp('2005-08-05 00:00:00'), '10-Q',1862,600,0.512591389,196.2053232,24.90988721,88.44608416,12854,51602,0,0,0.036083873,0.011627456,0,0, []],,,,,,,,,,,,,,,,,,,,,,,,,,,,,,,,,,,,,,,,,,,,,,,,,,,,,,,,,,,,,,,,,,,,,,,,,,,,,,,,,,,,
edgar/data/4447/0000950123-05-013153.txt,[4447.0, 'AMERADA HESS CORP',200511, Timestamp('2005-11-07 00:00:00'), '10-Q',1636,524,0.514814815,216.7372881,25.89247312,97.0519045,13244,51150,0,0,0.03198436,0.010244379,0,0, []],,,,,,,,,,,,,,,,,,,,,,,,,,,,,,,,,,,,,,,,,,,,,,,,,,,,,,,,,,,,,,,,,,,,,,,,,,,,,,,,,,,,
edgar/data/4457/0000004457-99-000043.txt,[4457.0, 'AMERCO /NV/',199911, Timestamp('1999-11-08 00:00:00'), '10-Q',184,196,-0.031578947,23.9843342,51.66557805,30.2599649,4746,9186,1,1,0.020030481,0.021336817,0.000108861,0.000108861, ['COMMITMENTS']],,,,,,,,,,,,,,,,,,,,,,,,,,,,,,,,,,,,,,,,,,,,,,,,,,,,,,,,,,,,,,,,,,,,,,,,,,,,,,,,,,,,
edgar/data/4457/0000004457-00-000018.txt,[4457.0, 'AMERCO /NV/',200002, Timestamp('2000-02-10 00:00:00'), '10-Q',164,181,-0.049275362,23.43783784,52.8251845,30.50520894,4581,8672,1,1,0.018911439,0.020871771,0.000115314,0.000115314, ['COMMITMENTS']],,,,,,,,,,,,,,,,,,,,,,,,,,,,,,,,,,,,,,,,,,,,,,,,,,,,,,,,,,,,,,,,,,,,,,,,,,,,,,,,,,,,
edgar/data/4457/0000004457-00-000067.txt,[4457.0, 'AMERCO /NV/',200006, Timestamp('2000-06-29 00:00:00'), '10-K',1754,1152,0.207157605,28.47106056,45.57226792,29.61733139,38782,85100,24,24,0.020611046,0.013537015,0.000282021,0.000282021, ['COMMITMENTS', 'COMMITMENTS', 'RESTRICTIONS', 'PERMITTED', 'REQUIRED', 'PROHIBITION', 'REQUIRED', 'OBLIGATION', 'RESTRICTIONS', 'PROHIBITED', 'PROHIBITED', 'REQUIRED', 'REQUIREMENTS', 'MANDATORY', 'RESTRICTIONS', 'PERMITTED', 'PROHIBITION', 'PERMITTED', 'REQUIREMENTS', 'PROHIBITED', 'RESTRICTIONS', 'RESTRICTIONS', 'RESTRICTIONS', 'RESTRICTIONS']],,,,,,,,,,,,,,,,,,,,,,,,,,,,,,,,,,,,,,,,,,,,,,,,,,,,,,,,,,,,,
edgar/data/4457/0000004457-00-000080.txt,[4457.0, 'AMERCO /NV/',200008, Timestamp('2000-08-11 00:00:00'), '10-Q',109,111,-0.009090909,25.82325581,54.16066282,31.99356746,3007,5552,1,1,0.019632565,0.019992795,0.000180115,0.000180115, ['COMMITMENTS']],,,,,,,,,,,,,,,,,,,,,,,,,,,,,,,,,,,,,,,,,,,,,,,,,,,,,,,,,,,,,,,,,,,,,,,,,,,,,,,,,,,,
edgar/data/4457/0000004457-00-000105.txt,[4457.0, 'AMERCO /NV/',200011, Timestamp('2000-11-13 00:00:00'), '10-Q',327,270,0.095477387,26.57990868,49.64782683,30.4910942,8670,17463,1,1,0.018725305,0.015461261,5.73E-05,5.73E-05, ['COMMITMENTS']],,,,,,,,,,,,,,,,,,,,,,,,,,,,,,,,,,,,,,,,,,,,,,,,,,,,,,,,,,,,,,,,,,,,,,,,,,,,,,,,,,,,
edgar/data/4457/0000004457-01-500024.txt,[4457.0, 'AMERCO /NV/',200102, Timestamp('2001-02-14 00:00:00'), '10-Q',14,11,0.119999995,43.06666667,49.84520124,37.16474716,322,646,0,0,0.021671827,0.017027864,0,0, []],,,,,,,,,,,,,,,,,,,,,,,,,,,,,,,,,,,,,,,,,,,,,,,,,,,,,,,,,,,,,,,,,,,,,,,,,,,,,,,,,,,,
edgar/data/4457/0000004457-01-500063.txt,[4457.0, 'AMERCO /NV/',200107, Timestamp('2001-07-02 00:00:00'), '10-K',664,471,0.170044053,25.09272727,50.97094413,30.42546856,14069,27602,2,2,0.024056228,0.017063981,7.25E-05,7.25E-05, ['COMMITMENTS', 'COMMITMENTS']],,,,,,,,,,,,,,,,,,,,,,,,,,,,,,,,,,,,,,,,,,,,,,,,,,,,,,,,,,,,,,,,,,,,,,,,,,,,,,,,,,,
edgar/data/4457/0000004457-01-500060.txt,[4457.0, 'AMERCO /NV/',200107, Timestamp('2001-07-02 00:00:00'), 'NT 10-K',13,16,-0.103448272,33.17241379,43.03534304,30.48310273,414,962,0,0,0.013513514,0.016632017,0,0, []],,,,,,,,,,,,,,,,,,,,,,,,,,,,,,,,,,,,,,,,,,,,,,,,,,,,,,,,,,,,,,,,,,,,,,,,,,,,,,,,,,,,
edgar/data/4457/0000004457-01-500081.txt,[4457.0, 'AMERCO /NV/',200108, Timestamp('2001-08-10 00:00:00'), '10-Q',99,88,0.058823529,23.13023256,54.33340036,30.98545317,2702,4973,1,1,0.019907501,0.017695556,0.000201086,0.000201086, ['COMMITMENTS']],,,,,,,,,,,,,,,,,,,,,,,,,,,,,,,,,,,,,,,,,,,,,,,,,,,,,,,,,,,,,,,,,,,,,,,,,,,,,,,,,,,,
edgar/data/4457/0000004457-01-500083.txt,[4457.0, 'AMERCO /NV/',200108, Timestamp('2001-08-10 00:00:00'), '10-Q/A',162,130,0.109589041,22.88435374,54.5332937,30.96705898,3669,6728,1,1,0.024078478,0.019322235,0.000148633,0.000148633, ['COMMITMENTS']],,,,,,,,,,,,,,,,,,,,,,,,,,,,,,,,,,,,,,,,,,,,,,,,,,,,,,,,,,,,,,,,,,,,,,,,,,,,,,,,,,,,
edgar/data/4515/0000004515-08-000073.txt,[4515.0, 'AMERICAN AIRLINES INC',200810, Timestamp('2008-10-16 00:00:00'), '10-Q',7350,1425,0.675213675,426.4919786,44.48805076,188.3920117,70962,159508,0,0,0.046079194,0.008933721,0,0, []],,,,,,,,,,,,,,,,,,,,,,,,,,,,,,,,,,,,,,,,,,,,,,,,,,,,,,,,,,,,,,,,,,,,,,,,,,,,,,,,,,,,
edgar/data/4515/0000004515-09-000008.txt,[4515.0, 'AMERICAN AIRLINES INC',200902, Timestamp('2009-02-19 00:00:00'), '10-K',14,11,0.119999995,43.06666667,49.84520124,37.16474716,322,646,0,0,0.021671827,0.017027864,0,0, []],,,,,,,,,,,,,,,,,,,,,,,,,,,,,,,,,,,,,,,,,,,,,,,,,,,,,,,,,,,,,,,,,,,,,,,,,,,,,,,,,,,,
edgar/data/4515/0000004515-09-000018.txt,[4515.0, 'AMERICAN AIRLINES INC',200904, Timestamp('2009-04-16 00:00:00'), '10-Q',14,11,0.119999995,43.06666667,49.84520124,37.16474716,322,646,0,0,0.021671827,0.017027864,0,0, []],,,,,,,,,,,,,,,,,,,,,,,,,,,,,,,,,,,,,,,,,,,,,,,,,,,,,,,,,,,,,,,,,,,,,,,,,,,,,,,,,,,,
edgar/data/4515/0000004515-09-000029.txt,[4515.0, 'AMERICAN AIRLINES INC',200907, Timestamp('2009-07-15 00:00:00'), '10-Q',14,11,0.119999995,43.06666667,49.84520124,37.16474716,322,646,0,0,0.021671827,0.017027864,0,0, []],,,,,,,,,,,,,,,,,,,,,,,,,,,,,,,,,,,,,,,,,,,,,,,,,,,,,,,,,,,,,,,,,,,,,,,,,,,,,,,,,,,,
edgar/data/4515/0000004515-09-000039.txt,[4515.0, 'AMERICAN AIRLINES INC',200910, Timestamp('2009-10-21 00:00:00'), '10-Q',5568,1241,0.63548245,544.995122,46.52984139,236.6099853,51985,111724,0,0,0.049837099,0.01110773,0,0, []],,,,,,,,,,,,,,,,,,,,,,,,,,,,,,,,,,,,,,,,,,,,,,,,,,,,,,,,,,,,,,,,,,,,,,,,,,,,,,,,,,,,
edgar/data/4515/0000004515-09-000041.txt,[4515.0, 'AMERICAN AIRLINES INC',200911, Timestamp('2009-11-06 00:00:00'), '10-Q/A',522,96,0.689320387,336.4761905,43.73761676,152.0855229,6181,14132,0,0,0.036937447,0.006793094,0,0, []],,,,,,,,,,,,,,,,,,,,,,,,,,,,,,,,,,,,,,,,,,,,,,,,,,,,,,,,,,,,,,,,,,,,,,,,,,,,,,,,,,,,
edgar/data/4515/0000004515-10-000006.txt,[4515.0, 'AMERICAN AIRLINES INC',201002, Timestamp('2010-02-17 00:00:00'), '10-K',14214,3666,0.589932886,731.4366925,47.28155271,311.4872981,133838,283066,0,0,0.050214438,0.012951043,0,0, []],,,,,,,,,,,,,,,,,,,,,,,,,,,,,,,,,,,,,,,,,,,,,,,,,,,,,,,,,,,,,,,,,,,,,,,,,,,,,,,,,,,,
edgar/data/4515/0000004515-10-000016.txt,[4515.0, 'AMERICAN AIRLINES INC',201004, Timestamp('2010-04-21 00:00:00'), '10-Q',14,11,0.119999995,43.06666667,49.84520124,37.16474716,322,646,0,0,0.021671827,0.017027864,0,0, []],,,,,,,,,,,,,,,,,,,,,,,,,,,,,,,,,,,,,,,,,,,,,,,,,,,,,,,,,,,,,,,,,,,,,,,,,,,,,,,,,,,,
edgar/data/4515/0000950123-10-066865.txt,[4515.0, 'AMERICAN AIRLINES INC',201007, Timestamp('2010-07-21 00:00:00'), '10-Q',4522,5537,-0.100904662,72.06730769,25.30486991,38.94887104,66381,262325,0,0,0.017238159,0.021107405,0,0, []],,,,,,,,,,,,,,,,,,,,,,,,,,,,,,,,,,,,,,,,,,,,,,,,,,,,,,,,,,,,,,,,,,,,,,,,,,,,,,,,,,,,
edgar/data/4515/0000950123-10-094615.txt,[4515.0, 'AMERICAN AIRLINES INC',201010, Timestamp('2010-10-20 00:00:00'), '10-Q',2840,4766,-0.253221141,163.3721357,29.84756423,77.28787995,53200,178239,0,0,0.015933662,0.026739378,0,0, []],,,,,,,,,,,,,,,,,,,,,,,,,,,,,,,,,,,,,,,,,,,,,,,,,,,,,,,,,,,,,,,,,,,,,,,,,,,,,,,,,,,,
edgar/data/4962/0001193125-14-167067.txt,[4962.0, 'AMERICAN EXPRESS CO',201404, Timestamp('2014-04-29 00:00:00'), '10-Q',50820,5265,0.812249264,220.7415608,23.63923178,97.75231703,431281,1824429,3,3,0.027855291,0.002885834,1.64E-06,1.64E-06, ['REQUIREMENTS', 'REQUIREMENTS', 'REQUIREMENTS']],,,,,,,,,,,,,,,,,,,,,,,,,,,,,,,,,,,,,,,,,,,,,,,,,,,,,,,,,,,,,,,,,,,,,,,,,,,,,,,,,,
edgar/data/4962/0001193125-14-286961.txt,[4962.0, 'AMERICAN EXPRESS CO',201407, Timestamp('2014-07-30 00:00:00'), '10-Q',62141,6297,0.815979427,230.7208573,23.51569775,101.694622,518955,2206845,0,0,0.028158298,0.002853395,0,0, []],,,,,,,,,,,,,,,,,,,,,,,,,,,,,,,,,,,,,,,,,,,,,,,,,,,,,,,,,,,,,,,,,,,,,,,,,,,,,,,,,,,,
edgar/data/5588/0000930661-96-001510.txt,[5588.0, 'AMERICAN PAD & PAPER CO',199611, Timestamp('1996-11-06 00:00:00'), '10-Q',176,110,0.23076923,19.37730871,49.85021786,27.69101063,3661,7344,0,0,0.023965142,0.014978214,0,0, []],,,,,,,,,,,,,,,,,,,,,,,,,,,,,,,,,,,,,,,,,,,,,,,,,,,,,,,,,,,,,,,,,,,,,,,,,,,,,,,,,,,,
edgar/data/5588/0000950134-97-002428.txt,[5588.0, 'AMERICAN PAD & PAPER CO',199703, Timestamp('1997-03-31 00:00:00'), '10-K',1180,831,0.1735455,29.3608545,48.20167935,31.02501354,24512,50853,4,4,0.023204137,0.016341219,7.87E-05,7.87E-05, ['COMMITMENTS', 'COMMITMENTS', 'COVENANTS', 'COVENANTS']],,,,,,,,,,,,,,,,,,,,,,,,,,,,,,,,,,,,,,,,,,,,,,,,,,,,,,,,,,,,,,,,,,,,,,,,,,,,,,,,,
edgar/data/5588/0000950134-97-003934.txt,[5588.0, 'AMERICAN PAD & PAPER CO',199705, Timestamp('1997-05-15 00:00:00'), '10-Q',143,101,0.172131147,33.45348837,51.04275287,33.7984965,2937,5754,0,0,0.024852277,0.017553007,0,0, []],,,,,,,,,,,,,,,,,,,,,,,,,,,,,,,,,,,,,,,,,,,,,,,,,,,,,,,,,,,,,,,,,,,,,,,,,,,,,,,,,,,,
edgar/data/5588/0000950134-97-006223.txt,[5588.0, 'AMERICAN PAD & PAPER CO',199708, Timestamp('1997-08-14 00:00:00'), '10-Q',14,11,0.119999995,43.06666667,49.84520124,37.16474716,322,646,0,0,0.021671827,0.017027864,0,0, []],,,,,,,,,,,,,,,,,,,,,,,,,,,,,,,,,,,,,,,,,,,,,,,,,,,,,,,,,,,,,,,,,,,,,,,,,,,,,,,,,,,,
edgar/data/5588/0000950134-97-008577.txt,[5588.0, 'AMERICAN PAD & PAPER CO',199711, Timestamp('1997-11-14 00:00:00'), '10-Q',147,104,0.17131474,34.57309942,52.79093369,34.94561324,3121,5912,0,0,0.024864682,0.01759134,0,0, []],,,,,,,,,,,,,,,,,,,,,,,,,,,,,,,,,,,,,,,,,,,,,,,,,,,,,,,,,,,,,,,,,,,,,,,,,,,,,,,,,,,,
edgar/data/5588/0000950134-98-002477.txt,[5588.0, 'AMERICAN PAD & PAPER CO',199803, Timestamp('1998-03-27 00:00:00'), '10-K',762,555,0.157175399,28.72711572,49.32363374,31.22029978,16408,33266,5,5,0.022906271,0.016683701,0.000150304,0.000150304, ['COMMITMENTS', 'COMMITMENTS', 'OBLIGATIONS', 'OBLIGATIONS', 'COMMITMENTS']],,,,,,,,,,,,,,,,,,,,,,,,,,,,,,,,,,,,,,,,,,,,,,,,,,,,,,,,,,,,,,,,,,,,,,,,,,,,,,,,
edgar/data/5588/0000950134-98-004241.txt,[5588.0, 'AMERICAN PAD & PAPER CO',199805, Timestamp('1998-05-14 00:00:00'), '10-Q',135,92,0.189427312,31.70414201,49.27211646,32.39050339,2640,5358,1,1,0.025195969,0.017170586,0.000186637,0.000186637, ['OBLIGATIONS']],,,,,,,,,,,,,,,,,,,,,,,,,,,,,,,,,,,,,,,,,,,,,,,,,,,,,,,,,,,,,,,,,,,,,,,,,,,,,,,,,,,,
edgar/data/5588/0000950134-98-006988.txt,[5588.0, 'AMERICAN PAD & PAPER CO',199808, Timestamp('1998-08-14 00:00:00'), '10-Q',14,11,0.119999995,43.06666667,49.84520124,37.16474716,322,646,0,0,0.021671827,0.017027864,0,0, []],,,,,,,,,,,,,,,,,,,,,,,,,,,,,,,,,,,,,,,,,,,,,,,,,,,,,,,,,,,,,,,,,,,,,,,,,,,,,,,,,,,,
edgar/data/5588/0000005588-98-000008.txt,[5588.0, 'AMERICAN PAD & PAPER CO',199811, Timestamp('1998-11-13 00:00:00'), '10-Q',271,225,0.092741935,31.75116279,47.48406944,31.69409289,6483,13653,1,1,0.019849117,0.016479895,7.32E-05,7.32E-05, ['OBLIGATIONS']],,,,,,,,,,,,,,,,,,,,,,,,,,,,,,,,,,,,,,,,,,,,,,,,,,,,,,,,,,,,,,,,,,,,,,,,,,,,,,,,,,,,
edgar/data/5588/0000005588-98-000010.txt,[5588.0, 'AMERICAN PAD & PAPER CO',199811, Timestamp('1998-11-16 00:00:00'), '10-Q/A',4,10,-0.428571398,82,56.50406504,55.40162602,278,492,0,0,0.008130081,0.020325203,0,0, []],,,,,,,,,,,,,,,,,,,,,,,,,,,,,,,,,,,,,,,,,,,,,,,,,,,,,,,,,,,,,,,,,,,,,,,,,,,,,,,,,,,,
edgar/data/5907/0000005907-99-000027.txt,[5907.0, 'AT&T CORP',199908, Timestamp('1999-08-13 00:00:00'), '10-Q',921,1166,-0.117393388,33.93911007,46.40951329,32.13944935,20177,43476,0,0,0.021184102,0.026819395,0,0, []],,,,,,,,,,,,,,,,,,,,,,,,,,,,,,,,,,,,,,,,,,,,,,,,,,,,,,,,,,,,,,,,,,,,,,,,,,,,,,,,,,,,
edgar/data/5907/0000005907-99-000037.txt,[5907.0, 'AT&T CORP',199911, Timestamp('1999-11-15 00:00:00'), '10-Q',890,1123,-0.11574764,34.02321981,46.80149233,32.32988486,20573,43958,0,0,0.020246599,0.025547113,0,0, []],,,,,,,,,,,,,,,,,,,,,,,,,,,,,,,,,,,,,,,,,,,,,,,,,,,,,,,,,,,,,,,,,,,,,,,,,,,,,,,,,,,,
edgar/data/5907/0000005907-00-000014.txt,[5907.0, 'AT&T CORP',200003, Timestamp('2000-03-27 00:00:00'), '10-K',14,11,0.119999995,43.06666667,49.84520124,37.16474716,322,646,0,0,0.021671827,0.017027864,0,0, []],,,,,,,,,,,,,,,,,,,,,,,,,,,,,,,,,,,,,,,,,,,,,,,,,,,,,,,,,,,,,,,,,,,,,,,,,,,,,,,,,,,,
edgar/data/5907/0000005907-00-000025.txt,[5907.0, 'AT&T CORP',200005, Timestamp('2000-05-15 00:00:00'), '10-Q',14,11,0.119999995,43.06666667,49.84520124,37.16474716,322,646,0,0,0.021671827,0.017027864,0,0, []],,,,,,,,,,,,,,,,,,,,,,,,,,,,,,,,,,,,,,,,,,,,,,,,,,,,,,,,,,,,,,,,,,,,,,,,,,,,,,,,,,,,
edgar/data/5907/0000005907-00-000031.txt,[5907.0, 'AT&T CORP',200008, Timestamp('2000-08-14 00:00:00'), '10-Q',725,832,-0.068721901,31,46.00545659,30.80218264,14333,31155,1,1,0.023270743,0.026705184,3.21E-05,3.21E-05, ['COMMITMENTS']],,,,,,,,,,,,,,,,,,,,,,,,,,,,,,,,,,,,,,,,,,,,,,,,,,,,,,,,,,,,,,,,,,,,,,,,,,,,,,,,,,,,
edgar/data/5907/0000005907-00-000038.txt,[5907.0, 'AT&T CORP',200011, Timestamp('2000-11-14 00:00:00'), '10-Q',839,878,-0.022714036,30.55432937,46.1506404,30.68198791,16611,35993,1,1,0.023310088,0.024393632,2.78E-05,2.78E-05, ['COMMITMENTS']],,,,,,,,,,,,,,,,,,,,,,,,,,,,,,,,,,,,,,,,,,,,,,,,,,,,,,,,,,,,,,,,,,,,,,,,,,,,,,,,,,,,
edgar/data/5907/0000005907-01-000002.txt,[5907.0, 'AT&T CORP',200101, Timestamp('2001-01-26 00:00:00'), '10-K/A',658,745,-0.062009979,24.75769854,48.55160224,29.32372031,14833,30551,3,3,0.021537757,0.024385454,9.82E-05,9.82E-05, ['OBLIGATIONS', 'OBLIGATIONS', 'COMMITMENTS']],,,,,,,,,,,,,,,,,,,,,,,,,,,,,,,,,,,,,,,,,,,,,,,,,,,,,,,,,,,,,,,,,,,,,,,,,,,,,,,,,,
edgar/data/5907/0000005907-01-000012.txt,[5907.0, 'AT&T CORP',200104, Timestamp('2001-04-02 00:00:00'), '10-K405',14,11,0.119999995,43.06666667,49.84520124,37.16474716,322,646,0,0,0.021671827,0.017027864,0,0, []],,,,,,,,,,,,,,,,,,,,,,,,,,,,,,,,,,,,,,,,,,,,,,,,,,,,,,,,,,,,,,,,,,,,,,,,,,,,,,,,,,,,
edgar/data/5907/0000005907-01-000015.txt,[5907.0, 'AT&T CORP',200104, Timestamp('2001-04-17 00:00:00'), '10-K405/A',14,11,0.119999995,43.06666667,49.84520124,37.16474716,322,646,0,0,0.021671827,0.017027864,0,0, []],,,,,,,,,,,,,,,,,,,,,,,,,,,,,,,,,,,,,,,,,,,,,,,,,,,,,,,,,,,,,,,,,,,,,,,,,,,,,,,,,,,,
edgar/data/5907/0000950123-01-502538.txt,[5907.0, 'AT&T CORP',200105, Timestamp('2001-05-15 00:00:00'), '10-Q',14,11,0.119999995,43.06666667,49.84520124,37.16474716,322,646,0,0,0.021671827,0.017027864,0,0, []],,,,,,,,,,,,,,,,,,,,,,,,,,,,,,,,,,,,,,,,,,,,,,,,,,,,,,,,,,,,,,,,,,,,,,,,,,,,,,,,,,,,
edgar/data/5907/0000950123-01-504075.txt,[5907.0, 'AT&T CORP',200107, Timestamp('2001-07-03 00:00:00'), '10-Q/A',14,12,0.076923074,43.06666667,49.84520124,37.16474716,322,646,0,0,0.021671827,0.018575851,0,0, []],,,,,,,,,,,,,,,,,,,,,,,,,,,,,,,,,,,,,,,,,,,,,,,,,,,,,,,,,,,,,,,,,,,,,,,,,,,,,,,,,,,,
edgar/data/5907/0000950123-01-505366.txt,[5907.0, 'AT&T CORP',200108, Timestamp('2001-08-10 00:00:00'), '10-Q/A',589,741,-0.114285714,32.60143198,47.40849195,32.00396957,12952,27320,1,1,0.021559297,0.027122987,3.66E-05,3.66E-05, ['COMMITMENTS']],,,,,,,,,,,,,,,,,,,,,,,,,,,,,,,,,,,,,,,,,,,,,,,,,,,,,,,,,,,,,,,,,,,,,,,,,,,,,,,,,,,,
edgar/data/5907/0000950123-01-505598.txt,[5907.0, 'AT&T CORP',200108, Timestamp('2001-08-14 00:00:00'), '10-Q',449,730,-0.238337574,32.00680272,47.37938363,31.75447454,11146,23525,0,0,0.019086079,0.031030818,0,0, []],,,,,,,,,,,,,,,,,,,,,,,,,,,,,,,,,,,,,,,,,,,,,,,,,,,,,,,,,,,,,,,,,,,,,,,,,,,,,,,,,,,,
edgar/data/6071/0000006071-98-000023.txt,[6071.0, 'AMES DEPARTMENT STORES INC',199809, Timestamp('1998-09-02 00:00:00'), '10-Q',78,92,-0.082352941,33.416,51.25688293,33.86915317,2141,4177,0,0,0.018673689,0.022025377,0,0, []],,,,,,,,,,,,,,,,,,,,,,,,,,,,,,,,,,,,,,,,,,,,,,,,,,,,,,,,,,,,,,,,,,,,,,,,,,,,,,,,,,,,
edgar/data/6071/0000006071-98-000026.txt,[6071.0, 'AMES DEPARTMENT STORES INC',199812, Timestamp('1998-12-10 00:00:00'), '10-Q',94,117,-0.109004739,33.91034483,50.09151922,33.60074562,2463,4917,0,0,0.019117348,0.023794997,0,0, []],,,,,,,,,,,,,,,,,,,,,,,,,,,,,,,,,,,,,,,,,,,,,,,,,,,,,,,,,,,,,,,,,,,,,,,,,,,,,,,,,,,,
edgar/data/6071/0000889812-99-001116.txt,[6071.0, 'AMES DEPARTMENT STORES INC',199904, Timestamp('1999-04-05 00:00:00'), '10-K',635,632,0.002367798,28.2803653,47.60874479,30.35564404,14743,30967,8,8,0.0205057,0.020408822,0.00025834,0.00025834, ['RESTRICTED', 'REQUIREMENTS', 'REQUIREMENTS', 'COMMITMENTS', 'COMMITMENTS', 'OBLIGATIONS', 'RESTRICTED', 'COMMITMENTS']],,,,,,,,,,,,,,,,,,,,,,,,,,,,,,,,,,,,,,,,,,,,,,,,,,,,,,,,,,,,,,,,,,,,,,,,,,,,,
edgar/data/6071/0000006071-99-000013.txt,[6071.0, 'AMES DEPARTMENT STORES INC',199906, Timestamp('1999-06-15 00:00:00'), '10-Q',112,115,-0.013215859,31.32085561,48.02800068,31.73954252,2813,5857,0,0,0.019122418,0.019634625,0,0, []],,,,,,,,,,,,,,,,,,,,,,,,,,,,,,,,,,,,,,,,,,,,,,,,,,,,,,,,,,,,,,,,,,,,,,,,,,,,,,,,,,,,
edgar/data/6071/0000006071-99-000015.txt,[6071.0, 'AMES DEPARTMENT STORES INC',199909, Timestamp('1999-09-14 00:00:00'), '10-Q',14,11,0.119999995,43.06666667,49.84520124,37.16474716,322,646,0,0,0.021671827,0.017027864,0,0, []],,,,,,,,,,,,,,,,,,,,,,,,,,,,,,,,,,,,,,,,,,,,,,,,,,,,,,,,,,,,,,,,,,,,,,,,,,,,,,,,,,,,
edgar/data/6071/0000006071-99-000017.txt,[6071.0, 'AMES DEPARTMENT STORES INC',199912, Timestamp('1999-12-14 00:00:00'), '10-Q',183,188,-0.013477089,32.77573529,47.48177229,32.10300304,4233,8915,0,0,0.020527201,0.021088054,0,0, []],,,,,,,,,,,,,,,,,,,,,,,,,,,,,,,,,,,,,,,,,,,,,,,,,,,,,,,,,,,,,,,,,,,,,,,,,,,,,,,,,,,,
edgar/data/6071/0000006071-00-000002.txt,[6071.0, 'AMES DEPARTMENT STORES INC',200004, Timestamp('2000-04-11 00:00:00'), '10-K',575,553,0.019503546,26.72746114,48.42199132,30.05978098,12489,25792,0,0,0.022293734,0.021440757,0,0, []],,,,,,,,,,,,,,,,,,,,,,,,,,,,,,,,,,,,,,,,,,,,,,,,,,,,,,,,,,,,,,,,,,,,,,,,,,,,,,,,,,,,
edgar/data/6071/0000006071-00-000011.txt,[6071.0, 'AMES DEPARTMENT STORES INC',200006, Timestamp('2000-06-13 00:00:00'), '10-Q',113,108,0.022624434,28.93442623,50.08498584,31.60776483,2652,5295,0,0,0.021340888,0.020396601,0,0, []],,,,,,,,,,,,,,,,,,,,,,,,,,,,,,,,,,,,,,,,,,,,,,,,,,,,,,,,,,,,,,,,,,,,,,,,,,,,,,,,,,,,
edgar/data/6201/0000006201-99-000023.txt,[6201.0, 'AMR CORP',199908, Timestamp('1999-08-16 00:00:00'), '10-Q',14,11,0.119999995,43.06666667,49.84520124,37.16474716,322,646,0,0,0.021671827,0.017027864,0,0, []],,,,,,,,,,,,,,,,,,,,,,,,,,,,,,,,,,,,,,,,,,,,,,,,,,,,,,,,,,,,,,,,,,,,,,,,,,,,,,,,,,,,
edgar/data/6201/0000006201-99-000028.txt,[6201.0, 'AMR CORP',199911, Timestamp('1999-11-05 00:00:00'), '10-Q',214,236,-0.048888889,28.83641975,51.12918763,31.98624295,4777,9343,0,0,0.022904849,0.025259553,0,0, []],,,,,,,,,,,,,,,,,,,,,,,,,,,,,,,,,,,,,,,,,,,,,,,,,,,,,,,,,,,,,,,,,,,,,,,,,,,,,,,,,,,,
edgar/data/6201/0000950134-00-002454.txt,[6201.0, 'AMR CORP',200003, Timestamp('2000-03-27 00:00:00'), '10-K405',1337,1191,0.057753165,36.56313266,44.58319369,32.45853054,30597,68629,4,4,0.01948156,0.01735418,5.83E-05,5.83E-05, ['OBLIGATIONS', 'OBLIGATIONS', 'COMMITMENTS', 'COMMITMENTS']],,,,,,,,,,,,,,,,,,,,,,,,,,,,,,,,,,,,,,,,,,,,,,,,,,,,,,,,,,,,,,,,,,,,,,,,,,,,,,,,,
edgar/data/6201/0000006201-00-000009.txt,[6201.0, 'AMR CORP',200005, Timestamp('2000-05-11 00:00:00'), '10-Q',14,11,0.119999995,43.06666667,49.84520124,37.16474716,322,646,0,0,0.021671827,0.017027864,0,0, []],,,,,,,,,,,,,,,,,,,,,,,,,,,,,,,,,,,,,,,,,,,,,,,,,,,,,,,,,,,,,,,,,,,,,,,,,,,,,,,,,,,,
edgar/data/6201/0000950134-00-006067.txt,[6201.0, 'AMR CORP',200007, Timestamp('2000-07-28 00:00:00'), '10-Q',14,11,0.119999995,43.06666667,50,37.22666667,323,646,0,0,0.021671827,0.017027864,0,0, []],,,,,,,,,,,,,,,,,,,,,,,,,,,,,,,,,,,,,,,,,,,,,,,,,,,,,,,,,,,,,,,,,,,,,,,,,,,,,,,,,,,,
edgar/data/6201/0000006201-00-000017.txt,[6201.0, 'AMR CORP',200010, Timestamp('2000-10-26 00:00:00'), '10-Q',178,157,0.062686567,29.32773109,50,31.73109244,3490,6980,0,0,0.025501433,0.022492837,0,0, []],,,,,,,,,,,,,,,,,,,,,,,,,,,,,,,,,,,,,,,,,,,,,,,,,,,,,,,,,,,,,,,,,,,,,,,,,,,,,,,,,,,,
edgar/data/6201/0000950134-01-002483.txt,[6201.0, 'AMR CORP',200103, Timestamp('2001-03-22 00:00:00'), '10-K405',3090,2786,0.051735875,41.39897698,45.3104343,34.68376451,73344,161870,40,40,0.019089393,0.017211342,0.000247112,0.000247112, ['OBLIGATIONS', 'OBLIGATIONS', 'COMMITMENTS', 'COMMITMENTS', 'COMMITMENTS', 'COVENANTS', 'COVENANTS', 'COVENANTS', 'ENCUMBRANCES', 'COVENANTS', 'ENCUMBRANCES', 'ENCUMBRANCES', 'ENCUMBRANCES', 'COMMITMENTS', 'COMMITMENTS', 'MANDATORY', 'OBLIGATIONS', 'RESTRICTIONS', 'OBLIGATIONS', 'PLEDGED', 'COVENANTS', 'COVENANTS', 'COVENANTS', 'COVENANTS', 'OBLIGATIONS', 'RESTRICTED', 'PERMITTED', 'RESTRICTION', 'RESTRICTIONS', 'PLEDGE', 'OBLIGATION', 'OBLIGATIONS', 'COVENANTS', 'OBLIGATIONS', 'IRREVOCABLY', 'IRREVOCABLY', 'IRREVOCABLY', 'COVENANTS', 'COMMITMENT', 'COMMITMENT']],,,,,,,,,,,,,,,,,,,,,,,,,,,,,,,,,,,,,,,,,,,,,
edgar/data/6201/0000950134-01-500665.txt,[6201.0, 'AMR CORP',200104, Timestamp('2001-04-24 00:00:00'), '10-Q',146,143,0.010380623,28.37826087,48.29171135,30.66798889,3152,6527,0,0,0.022368623,0.021908993,0,0, []],,,,,,,,,,,,,,,,,,,,,,,,,,,,,,,,,,,,,,,,,,,,,,,,,,,,,,,,,,,,,,,,,,,,,,,,,,,,,,,,,,,,
edgar/data/6201/0000006201-01-500032.txt,[6201.0, 'AMR CORP',200108, Timestamp('2001-08-13 00:00:00'), '10-Q',152,196,-0.126436781,29.86363636,48.77648987,31.45605049,4166,8541,0,0,0.017796511,0.022948133,0,0, []],,,,,,,,,,,,,,,,,,,,,,,,,,,,,,,,,,,,,,,,,,,,,,,,,,,,,,,,,,,,,,,,,,,,,,,,,,,,,,,,,,,,
edgar/data/6201/0000006201-01-500047.txt,[6201.0, 'AMR CORP',200110, Timestamp('2001-10-25 00:00:00'), '10-Q',14,11,0.119999995,43.06666667,49.84520124,37.16474716,322,646,0,0,0.021671827,0.017027864,0,0, []],,,,,,,,,,,,,,,,,,,,,,,,,,,,,,,,,,,,,,,,,,,,,,,,,,,,,,,,,,,,,,,,,,,,,,,,,,,,,,,,,,,,
edgar/data/6201/0000950134-02-001661.txt,[6201.0, 'AMR CORP',200202, Timestamp('2002-02-28 00:00:00'), '10-K405',735,686,0.034482759,28.00514139,49.03004712,30.8140754,16024,32682,6,6,0.022489444,0.020990147,0.000183587,0.000183587, ['OBLIGATIONS', 'OBLIGATIONS', 'COMMITMENTS', 'IMPAIRMENTS', 'COMMITMENTS', 'COMMITMENTS']],,,,,,,,,,,,,,,,,,,,,,,,,,,,,,,,,,,,,,,,,,,,,,,,,,,,,,,,,,,,,,,,,,,,,,,,,,,,,,,
edgar/data/6201/0000006201-02-000015.txt,[6201.0, 'AMR CORP',200204, Timestamp('2002-04-18 00:00:00'), '10-Q',124,128,-0.015873016,28.23414634,48.65238424,30.75461223,2816,5788,0,0,0.021423635,0.02211472,0,0, []],,,,,,,,,,,,,,,,,,,,,,,,,,,,,,,,,,,,,,,,,,,,,,,,,,,,,,,,,,,,,,,,,,,,,,,,,,,,,,,,,,,,
edgar/data/6201/0000006201-02-000035.txt,[6201.0, 'AMR CORP',200207, Timestamp('2002-07-19 00:00:00'), '10-Q',14,11,0.119999995,43.06666667,49.84520124,37.16474716,322,646,0,0,0.021671827,0.017027864,0,0, []],,,,,,,,,,,,,,,,,,,,,,,,,,,,,,,,,,,,,,,,,,,,,,,,,,,,,,,,,,,,,,,,,,,,,,,,,,,,,,,,,,,,
edgar/data/6201/0000006201-02-000052.txt,[6201.0, 'AMR CORP',200210, Timestamp('2002-10-18 00:00:00'), '10-Q',300,305,-0.008264463,30.45617978,49.228953,31.87405311,6672,13553,0,0,0.022135321,0.022504243,0,0, []],,,,,,,,,,,,,,,,,,,,,,,,,,,,,,,,,,,,,,,,,,,,,,,,,,,,,,,,,,,,,,,,,,,,,,,,,,,,,,,,,,,,
edgar/data/6201/0000950134-02-012680.txt,[6201.0, 'AMR CORP',200210, Timestamp('2002-10-18 00:00:00'), '10-Q/A',160,142,0.059602649,29.02755906,48.32496948,30.94101142,3563,7373,0,0,0.0217008,0.01925946,0,0, []],,,,,,,,,,,,,,,,,,,,,,,,,,,,,,,,,,,,,,,,,,,,,,,,,,,,,,,,,,,,,,,,,,,,,,,,,,,,,,,,,,,,
edgar/data/6201/0000950134-02-012682.txt,[6201.0, 'AMR CORP',200210, Timestamp('2002-10-18 00:00:00'), '10-Q/A',14,11,0.119999995,43.06666667,49.84520124,37.16474716,322,646,0,0,0.021671827,0.017027864,0,0, []],,,,,,,,,,,,,,,,,,,,,,,,,,,,,,,,,,,,,,,,,,,,,,,,,,,,,,,,,,,,,,,,,,,,,,,,,,,,,,,,,,,,
edgar/data/6201/0000006201-03-000012.txt,[6201.0, 'AMR CORP',200304, Timestamp('2003-04-01 00:00:00'), 'NT 10-K',14,11,0.119999995,43.06666667,49.84520124,37.16474716,322,646,0,0,0.021671827,0.017027864,0,0, []],,,,,,,,,,,,,,,,,,,,,,,,,,,,,,,,,,,,,,,,,,,,,,,,,,,,,,,,,,,,,,,,,,,,,,,,,,,,,,,,,,,,
edgar/data/6201/0001047469-03-013301.txt,[6201.0, 'AMR CORP',200304, Timestamp('2003-04-15 00:00:00'), '10-K',13146,4547,0.486011417,203.1383353,30.34188034,93.39208625,105151,346554,0,0,0.037933482,0.01312061,0,0, []],,,,,,,,,,,,,,,,,,,,,,,,,,,,,,,,,,,,,,,,,,,,,,,,,,,,,,,,,,,,,,,,,,,,,,,,,,,,,,,,,,,,
edgar/data/6201/0000006201-03-000030.txt,[6201.0, 'AMR CORP',200305, Timestamp('2003-05-15 00:00:00'), '10-Q',288,221,0.131630648,28.93110236,47.47907736,30.56407189,6978,14697,0,0,0.019595836,0.015037082,0,0, []],,,,,,,,,,,,,,,,,,,,,,,,,,,,,,,,,,,,,,,,,,,,,,,,,,,,,,,,,,,,,,,,,,,,,,,,,,,,,,,,,,,,
edgar/data/6201/0000006201-03-000045.txt,[6201.0, 'AMR CORP',200307, Timestamp('2003-07-18 00:00:00'), '10-Q',406,316,0.124653739,30.2909699,49.03389643,31.72994653,8882,18114,0,0,0.022413603,0.01744507,0,0, []],,,,,,,,,,,,,,,,,,,,,,,,,,,,,,,,,,,,,,,,,,,,,,,,,,,,,,,,,,,,,,,,,,,,,,,,,,,,,,,,,,,,
edgar/data/6201/0000006201-08-000060.txt,[6201.0, 'AMR CORP',200810, Timestamp('2008-10-16 00:00:00'), '10-Q',9616,1691,0.700893252,531.7135279,45.67984994,230.9573511,91568,200456,0,0,0.047970627,0.008435766,0,0, []],,,,,,,,,,,,,,,,,,,,,,,,,,,,,,,,,,,,,,,,,,,,,,,,,,,,,,,,,,,,,,,,,,,,,,,,,,,,,,,,,,,,
edgar/data/6201/0000006201-09-000009.txt,[6201.0, 'AMR CORP',200902, Timestamp('2009-02-19 00:00:00'), '10-K',14,11,0.119999995,43.06666667,49.84520124,37.16474716,322,646,0,0,0.021671827,0.017027864,0,0, []],,,,,,,,,,,,,,,,,,,,,,,,,,,,,,,,,,,,,,,,,,,,,,,,,,,,,,,,,,,,,,,,,,,,,,,,,,,,,,,,,,,,
edgar/data/6201/0000006201-09-000016.txt,[6201.0, 'AMR CORP',200904, Timestamp('2009-04-16 00:00:00'), '10-Q',4112,787,0.678709941,1081.657895,46.95034426,451.4432956,38596,82206,0,0,0.05002068,0.00957351,0,0, []],,,,,,,,,,,,,,,,,,,,,,,,,,,,,,,,,,,,,,,,,,,,,,,,,,,,,,,,,,,,,,,,,,,,,,,,,,,,,,,,,,,,
edgar/data/6201/0000006201-09-000029.txt,[6201.0, 'AMR CORP',200907, Timestamp('2009-07-15 00:00:00'), '10-Q',9689,2018,0.655248996,1036.134328,45.78201601,432.7665377,95347,208263,0,0,0.046522906,0.009689671,0,0, []],,,,,,,,,,,,,,,,,,,,,,,,,,,,,,,,,,,,,,,,,,,,,,,,,,,,,,,,,,,,,,,,,,,,,,,,,,,,,,,,,,,,
edgar/data/6201/0000006201-09-000038.txt,[6201.0, 'AMR CORP',200910, Timestamp('2009-10-21 00:00:00'), '10-Q',7139,1536,0.645878962,654.3037383,46.98295256,280.5146763,65786,140021,0,0,0.050985209,0.010969783,0,0, []],,,,,,,,,,,,,,,,,,,,,,,,,,,,,,,,,,,,,,,,,,,,,,,,,,,,,,,,,,,,,,,,,,,,,,,,,,,,,,,,,,,,
edgar/data/6201/0000006201-09-000040.txt,[6201.0, 'AMR CORP',200911, Timestamp('2009-11-06 00:00:00'), '10-Q/A',516,93,0.69458128,332.9047619,43.82777857,150.6930162,6128,13982,0,0,0.036904592,0.006651409,0,0, []],,,,,,,,,,,,,,,,,,,,,,,,,,,,,,,,,,,,,,,,,,,,,,,,,,,,,,,,,,,,,,,,,,,,,,,,,,,,,,,,,,,,
edgar/data/6201/0000006201-10-000006.txt,[6201.0, 'AMR CORP',201002, Timestamp('2010-02-17 00:00:00'), '10-K',24957,6106,0.606863471,690.6827881,45.58438884,294.5068708,221335,485550,0,0,0.051399444,0.01257543,0,0, []],,,,,,,,,,,,,,,,,,,,,,,,,,,,,,,,,,,,,,,,,,,,,,,,,,,,,,,,,,,,,,,,,,,,,,,,,,,,,,,,,,,,
edgar/data/6201/0000006201-10-000013.txt,[6201.0, 'AMR CORP',201004, Timestamp('2010-04-21 00:00:00'), '10-Q',4631,769,0.715185185,1167.272727,46.62772586,485.5601813,41909,89880,0,0,0.051524255,0.008555852,0,0, []],,,,,,,,,,,,,,,,,,,,,,,,,,,,,,,,,,,,,,,,,,,,,,,,,,,,,,,,,,,,,,,,,,,,,,,,,,,,,,,,,,,,
edgar/data/6201/0000950123-10-066894.txt,[6201.0, 'AMR CORP',201007, Timestamp('2010-07-21 00:00:00'), '10-Q',4851,5819,-0.090721649,76.90455878,24.67370844,40.63130689,71176,288469,0,0,0.016816365,0.020172012,0,0, []],,,,,,,,,,,,,,,,,,,,,,,,,,,,,,,,,,,,,,,,,,,,,,,,,,,,,,,,,,,,,,,,,,,,,,,,,,,,,,,,,,,,
edgar/data/6201/0000950123-10-094605.txt,[6201.0, 'AMR CORP',201010, Timestamp('2010-10-20 00:00:00'), '10-Q',14,11,0.119999995,43.06666667,49.84520124,37.16474716,322,646,0,0,0.021671827,0.017027864,0,0, []],,,,,,,,,,,,,,,,,,,,,,,,,,,,,,,,,,,,,,,,,,,,,,,,,,,,,,,,,,,,,,,,,,,,,,,,,,,,,,,,,,,,
edgar/data/6260/0000006260-94-000014.txt,[6260.0, 'ANACOMP INC',199402, Timestamp('1994-02-14 00:00:00'), '10-Q',40,70,-0.27272727,3.390736342,53.48511384,22.75034007,1527,2855,0,0,0.014010508,0.024518389,0,0, []],,,,,,,,,,,,,,,,,,,,,,,,,,,,,,,,,,,,,,,,,,,,,,,,,,,,,,,,,,,,,,,,,,,,,,,,,,,,,,,,,,,,
edgar/data/6260/0000006260-94-000016.txt,[6260.0, 'ANACOMP INC',199405, Timestamp('1994-05-12 00:00:00'), '10-Q',38,80,-0.3559322,3.343601896,51.77179305,22.04615798,1461,2822,0,0,0.013465627,0.028348689,0,0, []],,,,,,,,,,,,,,,,,,,,,,,,,,,,,,,,,,,,,,,,,,,,,,,,,,,,,,,,,,,,,,,,,,,,,,,,,,,,,,,,,,,,
edgar/data/6260/0000006260-97-000011.txt,[6260.0, 'ANACOMP INC',199712, Timestamp('1997-12-29 00:00:00'), '10-K',717,549,0.132701422,29.25,49.64130024,31.5565201,14462,29133,3,3,0.024611266,0.018844609,0.000102976,0.000102976, ['COMMITMENTS', 'REQUIRED', 'COVENANT']],,,,,,,,,,,,,,,,,,,,,,,,,,,,,,,,,,,,,,,,,,,,,,,,,,,,,,,,,,,,,,,,,,,,,,,,,,,,,,,,,,
edgar/data/6260/0000006260-98-000001.txt,[6260.0, 'ANACOMP INC',199802, Timestamp('1998-02-17 00:00:00'), '10-Q',14,11,0.119999995,43.06666667,49.84520124,37.16474716,322,646,0,0,0.021671827,0.017027864,0,0, []],,,,,,,,,,,,,,,,,,,,,,,,,,,,,,,,,,,,,,,,,,,,,,,,,,,,,,,,,,,,,,,,,,,,,,,,,,,,,,,,,,,,
edgar/data/6260/0000006260-98-000003.txt,[6260.0, 'ANACOMP INC',199805, Timestamp('1998-05-13 00:00:00'), '10-Q',111,121,-0.043103448,29.37951807,47.65224523,30.81270532,2324,4877,0,0,0.022759893,0.024810334,0,0, []],,,,,,,,,,,,,,,,,,,,,,,,,,,,,,,,,,,,,,,,,,,,,,,,,,,,,,,,,,,,,,,,,,,,,,,,,,,,,,,,,,,,
edgar/data/6260/0000914121-98-000672.txt,[6260.0, 'ANACOMP INC',199808, Timestamp('1998-08-14 00:00:00'), '10-Q',188,131,0.178683385,30.70232558,47.02317831,31.09020156,3104,6601,0,0,0.028480533,0.019845478,0,0, []],,,,,,,,,,,,,,,,,,,,,,,,,,,,,,,,,,,,,,,,,,,,,,,,,,,,,,,,,,,,,,,,,,,,,,,,,,,,,,,,,,,,
edgar/data/6260/0001047469-98-045227.txt,[6260.0, 'ANACOMP INC',199812, Timestamp('1998-12-29 00:00:00'), '10-K405',680,496,0.156462585,28.54811715,49.40641946,31.18181465,13484,27292,9,9,0.024915726,0.018173824,0.000329767,0.000329767, ['REQUIREMENTS', 'REQUIREMENTS', 'RESTRICTED', 'COMMITMENTS', 'REQUIRED', 'OBLIGATIONS', 'RESTRICTIVE', 'COVENANTS', 'COVENANT']],,,,,,,,,,,,,,,,,,,,,,,,,,,,,,,,,,,,,,,,,,,,,,,,,,,,,,,,,,,,,,,,,,,,,,,,,,,,
edgar/data/6260/0000006260-99-000005.txt,[6260.0, 'ANACOMP INC',199902, Timestamp('1999-02-11 00:00:00'), '10-Q',106,76,0.164835164,27.94475138,50.65243179,31.43887327,2562,5058,0,0,0.0209569,0.015025702,0,0, []],,,,,,,,,,,,,,,,,,,,,,,,,,,,,,,,,,,,,,,,,,,,,,,,,,,,,,,,,,,,,,,,,,,,,,,,,,,,,,,,,,,,
edgar/data/6260/0000006260-99-000007.txt,[6260.0, 'ANACOMP INC',199905, Timestamp('1999-05-17 00:00:00'), '10-Q',14,11,0.119999995,43.06666667,49.84520124,37.16474716,322,646,0,0,0.021671827,0.017027864,0,0, []],,,,,,,,,,,,,,,,,,,,,,,,,,,,,,,,,,,,,,,,,,,,,,,,,,,,,,,,,,,,,,,,,,,,,,,,,,,,,,,,,,,,
edgar/data/6260/0000006260-99-000010.txt,[6260.0, 'ANACOMP INC',199908, Timestamp('1999-08-13 00:00:00'), '10-Q',14,11,0.119999995,43.06666667,49.84520124,37.16474716,322,646,0,0,0.021671827,0.017027864,0,0, []],,,,,,,,,,,,,,,,,,,,,,,,,,,,,,,,,,,,,,,,,,,,,,,,,,,,,,,,,,,,,,,,,,,,,,,,,,,,,,,,,,,,
edgar/data/11860/0000011860-98-000022.txt,[11860.0, 'BETHLEHEM STEEL CORP /DE/',199811, Timestamp('1998-11-12 00:00:00'), '10-Q',216,218,-0.004608295,40.61952862,43.51790451,33.65497325,5250,12064,3,3,0.017904509,0.018070292,0.000248674,0.000248674, ['OBLIGATIONS', 'REQUIREMENTS', 'REQUIREMENTS']],,,,,,,,,,,,,,,,,,,,,,,,,,,,,,,,,,,,,,,,,,,,,,,,,,,,,,,,,,,,,,,,,,,,,,,,,,,,,,,,,,
edgar/data/11860/0001021408-99-000543.txt,[11860.0, 'BETHLEHEM STEEL CORP /DE/',199903, Timestamp('1999-03-24 00:00:00'), '10-K405',1804,1663,0.040669166,42.96211413,41.14835661,33.6441883,37796,91853,4,4,0.019640077,0.018105016,4.35E-05,4.35E-05, ['RESTRICTED', 'RESTRICTION', 'REQUIREMENTS', 'REQUIREMENTS']],,,,,,,,,,,,,,,,,,,,,,,,,,,,,,,,,,,,,,,,,,,,,,,,,,,,,,,,,,,,,,,,,,,,,,,,,,,,,,,,,
edgar/data/11860/0000011860-99-000025.txt,[11860.0, 'BETHLEHEM STEEL CORP /DE/',199905, Timestamp('1999-05-14 00:00:00'), '10-Q',88,75,0.079754601,12.88191882,49.64193641,25.00954209,1733,3491,0,0,0.025207677,0.021483816,0,0, []],,,,,,,,,,,,,,,,,,,,,,,,,,,,,,,,,,,,,,,,,,,,,,,,,,,,,,,,,,,,,,,,,,,,,,,,,,,,,,,,,,,,
edgar/data/11860/0000011860-99-000030.txt,[11860.0, 'BETHLEHEM STEEL CORP /DE/',199906, Timestamp('1999-06-29 00:00:00'), '10-K/A',95,31,0.507936504,34.17213115,44.73494843,31.56283183,1865,4169,0,0,0.022787239,0.007435836,0,0, []],,,,,,,,,,,,,,,,,,,,,,,,,,,,,,,,,,,,,,,,,,,,,,,,,,,,,,,,,,,,,,,,,,,,,,,,,,,,,,,,,,,,
edgar/data/11860/0000011860-99-000035.txt,[11860.0, 'BETHLEHEM STEEL CORP /DE/',199908, Timestamp('1999-08-05 00:00:00'), '10-Q',14,11,0.119999995,43.06666667,49.84520124,37.16474716,322,646,0,0,0.021671827,0.017027864,0,0, []],,,,,,,,,,,,,,,,,,,,,,,,,,,,,,,,,,,,,,,,,,,,,,,,,,,,,,,,,,,,,,,,,,,,,,,,,,,,,,,,,,,,
edgar/data/11860/0000011860-99-000042.txt,[11860.0, 'BETHLEHEM STEEL CORP /DE/',199911, Timestamp('1999-11-02 00:00:00'), '10-Q',378,258,0.188679245,28.2639087,41.6494221,27.96533232,8252,19813,0,0,0.019078383,0.013021753,0,0, []],,,,,,,,,,,,,,,,,,,,,,,,,,,,,,,,,,,,,,,,,,,,,,,,,,,,,,,,,,,,,,,,,,,,,,,,,,,,,,,,,,,,
edgar/data/11860/0000011860-00-000019.txt,[11860.0, 'BETHLEHEM STEEL CORP /DE/',200003, Timestamp('2000-03-09 00:00:00'), '10-K',2541,1770,0.178844816,36.69188723,44.48687089,32.47150325,56739,127541,16,16,0.019923005,0.01387789,0.00012545,0.00012545, ['COVENANTS', 'COVENANTS', 'IRREVOCABLY', 'COMMITMENTS', 'PLEDGE', 'PLEDGE', 'COMMITMENTS', 'COMMITMENTS', 'COVENANTS', 'COVENANTS', 'COVENANTS', 'IRREVOCABLY', 'COMMITMENTS', 'COMMITMENTS', 'COVENANT', 'COVENANT']],,,,,,,,,,,,,,,,,,,,,,,,,,,,,,,,,,,,,,,,,,,,,,,,,,,,,,,,,,,,,,,,,,,,,
edgar/data/11860/0000011860-00-000022.txt,[11860.0, 'BETHLEHEM STEEL CORP /DE/',200005, Timestamp('2000-05-03 00:00:00'), '10-Q',61,55,0.051724137,10.44239631,51.19152692,24.65356929,1160,2266,0,0,0.026919682,0.024271845,0,0, []],,,,,,,,,,,,,,,,,,,,,,,,,,,,,,,,,,,,,,,,,,,,,,,,,,,,,,,,,,,,,,,,,,,,,,,,,,,,,,,,,,,,
edgar/data/11860/0000011860-00-000025.txt,[11860.0, 'BETHLEHEM STEEL CORP /DE/',200006, Timestamp('2000-06-28 00:00:00'), '10-K/A',90,31,0.487603302,30.08527132,45.34913682,30.17376326,1760,3881,0,0,0.0231899,0.007987632,0,0, []],,,,,,,,,,,,,,,,,,,,,,,,,,,,,,,,,,,,,,,,,,,,,,,,,,,,,,,,,,,,,,,,,,,,,,,,,,,,,,,,,,,,
edgar/data/11860/0000011860-00-000028.txt,[11860.0, 'BETHLEHEM STEEL CORP /DE/',200007, Timestamp('2000-07-26 00:00:00'), '10-Q',83,69,0.092105263,15.11640212,49.21246062,25.7315451,1406,2857,0,0,0.029051453,0.024151208,0,0, []],,,,,,,,,,,,,,,,,,,,,,,,,,,,,,,,,,,,,,,,,,,,,,,,,,,,,,,,,,,,,,,,,,,,,,,,,,,,,,,,,,,,
edgar/data/11860/0000011860-00-000038.txt,[11860.0, 'BETHLEHEM STEEL CORP /DE/',200010, Timestamp('2000-10-25 00:00:00'), '10-Q',14,11,0.119999995,43.06666667,49.84520124,37.16474716,322,646,0,0,0.021671827,0.017027864,0,0, []],,,,,,,,,,,,,,,,,,,,,,,,,,,,,,,,,,,,,,,,,,,,,,,,,,,,,,,,,,,,,,,,,,,,,,,,,,,,,,,,,,,,
edgar/data/12239/0001104659-07-024804.txt,[12239.0, 'SPHERIX INC',200704, Timestamp('2007-04-02 00:00:00'), '10-K',10020,1433,0.749759888,1454.064748,33.93315687,595.199162,68584,202115,5,5,0.049575737,0.007090023,2.47E-05,2.47E-05, ['DEPENDENT', 'DEPEND', 'DEPEND', 'COMPLY', 'LIMIT']],,,,,,,,,,,,,,,,,,,,,,,,,,,,,,,,,,,,,,,,,,,,,,,,,,,,,,,,,,,,,,,,,,,,,,,,,,,,,,,,
edgar/data/12239/0001104659-07-040463.txt,[12239.0, 'SPHERIX INC',200705, Timestamp('2007-05-16 00:00:00'), 'NT 10-Q',451,68,0.737957609,957.5,28.85117493,394.54047,2210,7660,0,0,0.058877285,0.008877285,0,0, []],,,,,,,,,,,,,,,,,,,,,,,,,,,,,,,,,,,,,,,,,,,,,,,,,,,,,,,,,,,,,,,,,,,,,,,,,,,,,,,,,,,,
edgar/data/12239/0001104659-07-041441.txt,[12239.0, 'SPHERIX INC',200705, Timestamp('2007-05-18 00:00:00'), '10-Q',2174,312,0.748994368,3939.636364,33.78022891,1589.366637,14639,43336,0,0,0.050166144,0.007199557,0,0, []],,,,,,,,,,,,,,,,,,,,,,,,,,,,,,,,,,,,,,,,,,,,,,,,,,,,,,,,,,,,,,,,,,,,,,,,,,,,,,,,,,,,
edgar/data/12239/0001104659-07-042333.txt,[12239.0, 'SPHERIX INC',200705, Timestamp('2007-05-23 00:00:00'), '10-K/A',9734,1741,0.696557734,1441.638298,34.02305297,590.2645403,69159,203271,5,5,0.047886811,0.008564921,2.46E-05,2.46E-05, ['DEPENDENT', 'DEPEND', 'DEPEND', 'COMPLY', 'LIMIT']],,,,,,,,,,,,,,,,,,,,,,,,,,,,,,,,,,,,,,,,,,,,,,,,,,,,,,,,,,,,,,,,,,,,,,,,,,,,,,,,
edgar/data/12239/0001104659-07-062470.txt,[12239.0, 'SPHERIX INC',200708, Timestamp('2007-08-14 00:00:00'), '10-Q',3678,402,0.802941176,4938.666667,33.36798056,1988.813859,24719,74080,0,0,0.049649028,0.005426566,0,0, []],,,,,,,,,,,,,,,,,,,,,,,,,,,,,,,,,,,,,,,,,,,,,,,,,,,,,,,,,,,,,,,,,,,,,,,,,,,,,,,,,,,,
nan,[NaT, NaT, NaT, NaT, NaT],,,,,,,,,,,,,,,,,,,,,,,,,,,,,,,,,,,,,,,,,,,,,,,,,,,,,,,,,,,,,,,,,,,,,,,,,,,,,,,,,,,,,,,,,,,,,,,,,,,
